x1,x2
6.18228408136875,-4.216218913569691
-3.397139014235104,5.5832682856267155
-1.0840754389151108,5.518596961469607
-3.955927653603328,6.2354555813515695
4.910375319380615,-4.695720101259476
6.7818649370504165,-5.478859901518234
-5.13332379349788,6.675859837989624
-6.376863414188248,1.7292780540776267
6.347780843089087,-4.847773135521871
-6.307934056060647,3.4044420808042823
-1.1161099876296916,6.451043340256113
4.629001984640093,-5.2521609019332445
-1.6132916124323367,5.225439782890098
-5.7897847263756725,2.2306723065870133
-1.5386775307369045,5.82729800157291
-5.637738269953805,6.176046096564779
5.101429958985395,-5.26766360457292
-5.273355656913563,6.781414853933535
-5.819157126964352,2.934269456157845
-4.458414813255087,6.2645098785466
-1.2451515508394007,5.475155808366399
-5.454019116294872,2.7385546440719715
5.362270985332092,-4.3572154724346515
6.020336534540851,-4.8272342035811855
-4.882535589725157,6.193457832428353
5.419465638944307,-3.800564327679982
-3.916440313550285,6.198636661106408
-5.048419036920849,5.606386605349701
-1.1944053455027654,6.304699744117625
-4.644955381300459,6.188118772615456
6.070735064390987,-4.231429976284717
-5.0726828176443135,5.49901719623025
-1.2704700660626278,6.079148097357831
5.598859467925835,-4.9288391147131545
-1.9313641564160577,5.573962727954286
-4.5911284116904865,5.607949915350912
5.397372179603667,-5.046448809202401
-1.885892855526489,5.869476577238012
-4.468078983413241,5.976953576072971
-3.720835785349273,5.856198176049641
6.018500293525608,-3.633143337440657
-5.0117045063321575,6.014683987193694
-6.271577425472779,2.35108771496377
5.265850521235381,-4.377191050492408
-6.056429378796301,1.4028664739455496
-0.7987608660168655,6.351449043502376
5.691371971842989,-4.69826144534252
-0.6932151014911362,5.494335661015088
-6.024008312550622,2.7254422689734237
6.520271397611849,-4.7772885117195605
-4.875185551477048,5.725485562801125
-4.741905892963101,6.076755591051585
-1.0644361220224883,5.993467769797007
-4.0895958800401955,6.955658916189639
-1.5583895730907618,5.082036265041022
5.4246956524839485,-4.53458045668094
-4.1204148043553,6.420188525827145
-5.383239619544252,2.389849633372754
-1.549437000442807,6.140398125198288
-6.521737015966284,2.321934152417466
-1.235016851480478,6.0068416267935705
-6.038748572582201,2.3207897852464563
5.287912472822749,-4.05928867859326
6.821796059504408,-5.191606981089205
-4.676909885691788,4.971682577910453
6.328521491213063,-4.6284972259468145
-0.9100322401981016,5.7388633875711665
-0.9026644271181388,5.628449681919509
-0.8665903552671286,5.388869167897528
5.182454511303584,-4.105610571105474
-5.992600826322535,2.424418908157567
5.771189865633615,-4.514475959563251
-4.734598242280396,5.805747055373048
5.2958336063825024,-4.5244081703333325
-0.6496175469217824,5.6434889822172165
-1.1143019103711258,5.816706779115577
5.981920732559427,-4.5448376766951615
-4.265630171733993,6.391373270192752
5.281530573145608,-4.8943005114510605
5.7127848557017336,-4.662410609713011
-3.833812872857033,6.068263814648191
-4.459034371289798,6.578953454712629
-2.371051752502633,5.144121581279465
-6.56016363423485,2.2081665876278946
-6.650412112862772,3.0649803893705605
-0.4246691253433085,4.987682757038264
-1.3844249127485153,5.681089028460464
-6.562328598303752,2.6732052893776617
5.350212879104149,-4.206346483048561
-1.2364176650295708,5.71857087412007
5.542576012498576,-4.319149573598029
-1.2093707886615683,6.013747513487707
5.535000229451571,-4.529070804732291
-4.334576056813143,6.19035509060178
-6.802411261222759,3.3361652370245123
6.123371889847789,-4.878513302391486
-6.072878875512218,2.193802951864183
-1.927953796999862,5.496538832905374
4.937303803056981,-4.43788664535357
-6.4046183991210475,2.6169588066104703
-5.737752346579734,2.3811296333728
-6.157858699479457,2.7190639097283205
5.92344323916376,-4.294851442049746
-5.653249384554224,1.5722735220353576
-1.3768121339926658,5.295862514919953
5.497313273331662,-5.603067907173902
-6.610134538522939,2.5897154006897574
5.978640989883649,-4.429136530110251
-5.927466936047279,3.1239161770097104
5.054299572260992,-5.302292524193009
-5.818329880421354,2.0170022849690796
5.406590986390649,-4.269314812323202
5.958919042947181,-4.979983460373351
-5.46652292267502,1.8173270343994608
-5.0211133871751645,6.8198687246708465
-5.063941739877327,5.259777682445949
-6.037343958263654,2.7250045929335496
-6.072900304186975,2.7188948762750083
-4.0166364947600455,4.825441824907566
-5.991691493685743,1.8071436816034931
-4.115133159359512,6.112575179550796
5.671720394387045,-3.9681251332802217
-5.907837983390254,2.8529340752960985
-1.1783969237751624,5.793190357454219
-4.335149115894191,5.917223956308209
-1.086137212143405,6.405691038846152
-6.767372863255639,2.146243934223013
-2.5434764182472986,5.945009093333641
4.939908433589657,-4.522862518349392
-4.525564626326694,5.858274705530724
-4.765226153288252,6.266417131693924
-1.2632101773936135,5.227214182419343
-4.088193669088317,6.373530738540709
5.700062727189417,-4.355059518290155
5.321669840459794,-4.223240227649707
-5.761547375742134,3.3889426545947376
-4.75020211692711,5.945783071489666
-6.745087525235136,2.65170533313362
-0.5474990563530983,5.28468596337437
-0.22560220127825126,5.377793132305423
5.952816632395799,-4.994570226179841
6.413944071407451,-4.736866666646023
-6.874326862383538,3.153668397182759
-0.5769291478095431,5.5855447123781765
-0.8696934814062828,4.771079868641952
-6.32939169234227,2.1321788769360364
-5.581204767369689,2.180007369480409
-0.18415024005597957,5.717324434640827
-1.230972970657149,6.759210357590037
-1.0632032677347973,4.949748345667668
5.69445247344164,-4.138596923794848
-5.3332975881948,2.1717755169716995
-6.036492289008236,2.581889433063006
-5.748773635924083,3.6376556785281537
-5.988022318649928,3.3890153335725586
-1.3899931136862849,6.045660480608262
-1.5738431600898273,5.562990083049025
-6.511505903637658,2.970777086403702
6.459494688858119,-5.086897669405635
6.453223038770538,-4.853636387823299
5.676169559001312,-5.038960521124794
-1.2760190476191628,6.635200107499669
-1.4423118029484918,5.386641787221308
-6.383524047408164,3.191460398365906
-6.431924665386389,2.478114440481822
-1.033537877838584,5.229329916480067
-4.2465618083458505,6.214557238820954
-0.7595118028370851,5.3512199156292075
-4.096279863436566,6.352340183730337
-1.7446484676169236,4.569268373002053
5.770118941535123,-3.495256031175206
-4.519628407538141,6.2830042918655415
-6.230475196755564,3.6250597352166567
6.079569073043799,-3.58321018732871
-1.339868393795582,5.812735214439587
-6.70410538416222,2.1862347662332295
-0.07664597876018275,5.316312955437369
-0.46067118756628733,6.421037559809203
-0.3796301223291072,5.354411751827301
-0.85583793725059,5.655764526932877
-1.517315415085465,6.044899346106637
-0.46168814812585257,5.395056857879948
-4.366458524591714,6.252136628535725
5.326931428375728,-5.483499456993609
-4.287721546586578,5.6862277495659
-4.54611101741777,5.467772967133737
-5.791904001223086,2.549809711281359
-4.189593447356162,5.6687618840082425
-1.3122823250186004,5.168470011920654
-1.471724053016815,5.9040717378332985
-6.120054983947608,2.2606304675780082
-4.940556393512882,7.027898797173276
-1.0431530126333382,5.2826669193219775
-6.03222157389607,2.5608503030513496
-1.1447194866665835,5.958049573770749
-0.5613350887447318,6.152984233038789
-1.2127259501900576,5.496436257619849
-6.04571489254788,1.9935970285767879
-6.138616767161265,1.9284175841877036
-6.632738149187267,3.4460968961856375
-5.987828714018829,2.43479936489434
-4.708340953709003,5.982295583920942
-1.151179905558891,6.201653565818876
-4.986534331494044,6.583117026958049
-6.157832187225877,2.1120606697744972
-4.644596487242565,5.713965235896255
-6.463724356566413,2.455146277558703
-1.8292053864782138,5.727593386658386
5.612895124961824,-5.009267021309552
-0.8894197452452656,5.417503345667538
-5.201793945800938,6.548468138225083
5.725669100652011,-5.103610347236779
-6.056129721486706,1.8658458661711612
-6.329712933542593,1.9840759901633669
-0.8900144843229716,5.301254148238023
-6.511052990646821,2.660304222967096
-4.918148658499351,6.1907585437594195
6.134071737480031,-5.093185751147619
-4.676208636147255,6.123571417379115
-4.561960649009456,5.642289396231356
5.515468533498783,-4.918108487487009
-5.8497946108253025,1.9611610048440415
5.441131989847795,-4.086741290294966
-6.887897960808213,2.547533947049465
-3.1953228436471455,6.119872361687141
-3.870821943768438,5.8294763966636145
-5.652710626144405,1.2419486038904894
6.5357259253810485,-4.763884764261758
5.752477136096961,-3.8283705948916427
-6.020075727624966,2.980445742719698
-5.956845696723224,1.9518132420463443
-3.8128600115155127,6.141507495526775
-1.0062185725928607,5.721962159763003
-1.090613226910234,5.48274733409937
-1.4222309831884246,5.6918422418069925
-4.351485303131314,6.936880201039499
-0.9940402059788188,5.529960454608505
-0.21830045485630478,4.441230017580369
-5.107765048125377,2.5033121379260517
-1.4689404607634082,5.1486824813075
-7.029269326385928,2.427394969420095
-4.185559946885632,6.233286386062466
-4.3839858609642235,6.090779253063237
-1.3993785928161584,5.226229406455474
-5.509058184687051,2.5184906968989047
-0.39571575454689634,6.348590286618734
5.823253024234308,-4.826498385631353
-6.135654813731775,2.4236840133586774
-1.1935705498722278,5.764887787117712
-1.434542851194384,5.679437290835663
6.039282914821369,-4.398613525429441
5.527384789605142,-4.451598950516823
-6.129689835917839,2.242193130448376
-1.3456263678610416,5.98000667182191
-4.49116802499508,6.9559344235322795
5.3601793877761175,-4.757610575461081
5.557604683995531,-4.746883924730285
4.979502633834588,-4.936402407384939
5.1729316945365085,-3.9879288460709934
-1.6219658610857752,5.537058739393081
-6.293827019612577,2.133322096798129
-3.7918665279178323,5.9546377246198805
-1.3273008181448258,6.051933273669352
-1.4457673208876989,5.138640905170822
-3.855182380122186,5.899570564882394
-0.8631395715136008,5.112449938851454
-4.718508627739229,5.553117852404256
-1.5521439209351713,5.351289858619235
-1.6395784111482592,6.235047756258316
-6.015626564814137,2.3379260392436976
5.930066384084214,-5.450464428131457
6.037060268114137,-4.9578928718113895
-1.6161799645716743,4.9718909376733755
-1.2844901194013987,5.443515553965505
-1.4160536616949277,6.363189927650097
6.25225981923612,-3.907096249455479
-4.962803010031071,6.258744522196895
-4.594643472605326,5.728601548451041
-1.3941375053615128,6.526652831537098
-0.9845209488029494,4.722540237249465
-1.2053953470885854,5.037466113892731
-4.524177030748199,6.330436768652816
-4.742786078594447,5.841500290887864
4.654763980139231,-5.409073593252822
-4.87248175611647,5.875119122290052
5.9242655068913495,-4.2379301565712755
-2.036549219073242,4.897076566856302
-5.478112367995691,2.430944984040924
-4.724601238465534,6.025196122068135
-4.995714239567402,6.164751891056107
-1.223609214154038,4.522725208635871
-1.029661156620707,6.514064222863252
-4.1247181865829265,6.158790653093654
-4.436438713770812,6.492974535950195
5.48170109772803,-3.8023812530129213
6.119865638759463,-4.742931997186461
-0.8859927590862617,5.62389188563693
-5.8656798993174135,1.9021271792178418
5.279853409753717,-4.063248813955179
-1.6785752470813788,5.529227481113968
-6.5526309341835685,2.492116459047951
-3.950181540482218,6.097165411338365
-6.838595193397639,2.4214821509892013
-6.535127663714757,1.9307885684490658
4.610018418727089,-3.7930203937767395
-4.72835752019129,6.553472740883807
5.5408746288348825,-5.070111463744027
-6.412487364563558,2.6360126486854365
-5.647638664674492,3.4960679971933226
-4.3036519036282,6.2750533354989795
4.714080183298707,-5.332006262337814
-5.877068852671291,2.3550263444205934
-4.315057114135591,5.610329474123138
-6.0254225685645215,1.9164059520116181
-0.7792687537234702,6.5786978882158085
-5.831833949860964,1.533661807501539
-0.9166522736411217,5.807211615051582
-5.969948273932365,2.77641950539954
-6.363554108405742,2.3986219358146377
-0.9049472159943255,5.355312868978681
-6.270934154736745,2.1141907487271703
5.889874741108576,-4.534690309644229
6.017179732160539,-5.502409436457581
6.385346660958694,-4.1061701072768635
-6.261165262511653,2.9716600145822127
-6.103913308809196,2.6593940133477534
-1.1331523344752625,5.13981756099124
-5.154309182002754,1.8708597762852555
-4.882319046348031,5.954703248027781
-5.2650344223628345,5.419113744408857
-5.949477796587789,2.7866613489601084
-4.141464752031124,6.2287749138139965
-5.020186302567856,5.482733694763763
-5.9992346498572715,2.343137940984853
-4.058753304799473,5.719947077797293
5.262688704433874,-3.9572386523097753
-1.5671118379411924,5.349486230959737
-0.43958407362976193,5.990536895182
-1.7379353366699557,5.189082974419722
-7.231421116968619,2.2754242005800136
6.43576935221627,-3.9802600892520754
5.790430913722276,-4.874107452924379
-4.0903412659472025,6.72806387471306
-5.671614507299277,2.919954387110365
-1.5720471248522272,5.047188723012894
-0.898885959105828,5.5844914258503024
-6.087346220955954,2.2271275753583937
5.176975795477352,-4.688867348338668
-6.61806307777091,1.5799788813007207
-5.244412091617203,2.275500207421937
5.742524634047576,-3.49620644353261
-0.38973222135192276,6.424865217401695
5.119563433205189,-4.9518631634109544
-7.037000146194121,2.5780058129836494
4.969420497158454,-3.7580053043844606
-6.592256187205275,2.6497256999874277
4.8439067576699,-5.267071931505779
5.272701296382195,-4.158971484210538
-5.770893282708217,2.252270028772948
-3.744445910552401,6.172120606812174
-6.167731068524406,1.8076782927599413
-6.16176280636494,1.3208329437039346
5.384361115437747,-4.5014878087929056
-1.3077970597426356,6.1841875078429585
5.3555104008548415,-4.229462828462588
-3.966932374380335,5.54367192932527
-4.545139490374913,6.658446541749021
-0.9371348180756314,5.313428158107808
-4.014857651102566,6.632855709491353
-6.394993543990291,2.81675732375617
-4.643538925527727,6.694028360955422
-0.3608949347014303,5.84127191825727
-4.456867990329992,5.923544242197965
5.113091590239239,-4.922600243668915
-4.189438750823942,6.25860208792143
-5.964008982068542,2.887557898883196
-1.6966866073262856,6.1061071174352
-0.7446674052350528,5.6584609290765355
-4.168332519992525,7.0022792100129
5.603148483921908,-3.633141786239484
-5.240575374352352,6.631817056152902
-1.7829328528520576,6.431306236867373
5.634833354210342,-4.78541644960953
-5.785926624545948,2.934635341751586
5.585221512575984,-4.800961962774821
-1.6681953403730436,7.02863301662824
-4.496112369446074,5.954899526793125
-4.781690552781005,5.480328744676341
-2.0385133715041883,5.470981236503503
-1.9765577508203278,6.632576758761486
5.219431506689965,-4.583276429427529
-5.806753915861176,2.900663562331255
-5.966884286637058,2.586721391286655
-5.606418081353517,2.5657312788755053
5.39231263118987,-4.121493274121326
6.300437261743267,-3.9277254066819283
-1.5599207072592343,5.841429085627915
-0.5182734816623944,6.059325823359434
5.906694946577224,-2.9853303198648184
-0.43877775885198,4.7583163601501335
5.194827383883353,-4.864490855061135
-0.7678802603960744,5.1168952311765
-4.566143852165038,5.245114176519769
5.661399932518229,-4.87530634395871
6.20507430642576,-4.636208559889791
-6.19488083719654,2.260170442643083
-5.822559348582772,2.7814902576515657
-1.3846223597155298,5.188762342304915
-6.064913598654192,2.1457324188771745
-5.528144368984892,2.5773443836663232
-1.523585250467347,5.843253657144605
5.439870865592232,-4.073880770013647
5.69037063653043,-4.9319223652654465
-4.863252039542611,6.407487981436292
-6.455762167794733,2.994968902195218
-1.0719495946710262,6.1442681209406595
-4.509176184081039,6.436875768808697
5.05529512553922,-5.637607675491222
-4.551481867488417,6.946306853011624
-0.7184226742630541,5.216733235910893
-5.578638939422538,2.637861145007603
-5.645821705975793,2.96514454861047
-1.639681157508636,5.674251507119805
5.12508201386523,-4.782473740036745
5.771677912080832,-4.871694969632883
5.7440108561664465,-3.764981187380746
-1.880161149400638,5.576009746683349
-1.4170372368229796,5.950776741579308
-4.603250825610392,6.648569671663193
-6.099769355406506,2.330665929855399
5.928505136249481,-4.270281000074865
5.554613934595654,-4.9664225572453535
-0.8051251455344945,4.970888398308969
-1.7980410155976037,5.179198505012917
-5.918148233586837,2.1264760316073774
-0.969183063278712,5.1306250433732945
-1.6657698918481652,5.712514565530886
-6.573130146658561,2.27117002985703
-6.906169199154977,1.9938851131457018
-3.5723339086303216,5.695296721658937
-6.151540024080117,1.4046866204516226
-5.1716402962187145,5.625209157553736
5.816252859070401,-4.5731774892040855
6.481575897227249,-3.9493248273411465
-6.705295328149699,2.4179451695204457
5.92670111251115,-3.5004756304881064
5.554773118743004,-4.297165235164876
-5.542940665062375,6.549304775848366
-4.433149274373476,6.535354988308901
-1.897715825306204,5.977039292946783
-4.137339090423342,6.053869226730414
5.600865185577967,-5.115817828770522
-1.722616375242198,6.5029037313239675
5.065467320727929,-4.537384054567226
-1.7444730492434803,5.802756630686987
-1.7467265552130433,6.310845775898222
-1.2810998246732606,5.047502130949958
-4.928881780984327,3.1348028588912404
-4.297822884313053,6.534710677989311
-5.447959783231988,5.855753443863325
-0.734767390362683,6.561999721765321
-5.448703235229237,6.223085350738423
-1.2533643001951498,5.513264303807251
6.3852141544582155,-5.251101430541266
5.153027756996677,-3.5806259256932074
-4.562411549826596,6.8946051693820625
-6.589032453132299,2.7191360465164975
-7.212243813482209,3.4072988045294252
-4.4936086882444375,6.187318752443653
5.677554928265355,-4.341341111438638
5.626404506441921,-4.657816663690639
5.376188747587307,-4.891607995190619
-5.09280639692323,6.281107237730959
5.514802854215805,-5.813576883035838
5.39071747479095,-4.560859751149896
-6.131511198503536,2.158952455564159
4.727419407631689,-4.520538385259156
6.166205711400272,-4.036680799072684
-2.010891274051018,6.108115781383627
-4.24075012729572,5.717166787846279
-4.134881815255549,6.109120829790252
-0.5008620067105882,5.817819961792695
-4.952530723832613,6.38654365420999
-4.924688187081275,6.5156603613816095
-4.583363589957244,5.7062263749309485
-5.674903568779229,3.136499111612496
-1.130154969901093,5.871453620919657
-3.492213106267831,6.457958399730693
-4.556603559626898,6.513791031338703
-5.594593130062245,2.938148431967976
-6.746911475116988,1.8081408956080964
5.173236843367548,-3.1929668634767836
5.745263877127093,-4.660227402505543
5.734169351252999,-5.472526114127062
-6.773618788836978,1.7723249008091795
-4.278445342540932,5.500270828780405
-6.24816056084548,2.0719409094062784
5.681794743804118,-3.718414476834869
-1.5231226479642601,5.456212784849377
-0.8006135121300694,6.274250256896667
5.553501309888323,-5.253850686078741
-0.9893599560158158,5.136161546104706
-3.7086984956229867,6.189404290101961
-1.0891770736160176,5.934298266850566
-0.9378774906807353,5.646474368768487
-3.865515486969328,6.902656090269598
-3.652625733327259,5.765389415720552
5.567594620664878,-5.014198824405909
5.296332498153413,-4.200795223288735
-5.237710461355902,1.5860384585610094
5.925705205755274,-4.977092883478511
-5.1681677566189865,6.626753494611253
-6.5218574551870345,3.3073331805498074
-3.464024001020565,6.428174996528199
-5.944610342074417,2.6999151861935866
5.778409641877768,-4.986486474684744
-3.2151074903556056,5.417826762570966
-1.266317976488027,4.710003852572819
-6.308794723218658,2.4605685501119927
-5.477320912002617,2.2989627138287596
-4.4932692126492,6.2068079171685255
-4.117751306382216,6.482136771558095
-6.414852788161495,2.254957120700247
5.454543810491225,-4.841417018527402
-1.3028921519797336,6.340159133260966
-6.2783837326673915,3.761071026148569
-1.0290079238330716,5.43688878042154
-1.3609570030468539,5.537707033154466
-0.8266621136326422,5.964244030970008
5.072330061315774,-4.415758927499159
6.74749806507811,-5.153213882427837
-4.623048315366287,5.417544919005657
5.284937436164822,-3.9593143311533003
-2.0416917963547156,5.853354943351805
-6.466289189910398,2.357031164631887
5.617806183412683,-4.468035762151347
-4.346378671890953,6.241310701698908
5.57615645556831,-4.9235653460752955
-4.559768371322542,5.838504131369519
-4.618782527170248,5.872859579688263
-5.082549063281458,5.869829226608715
-1.2665793890236232,5.5115365738566595
-3.846038723957173,6.158446798536984
-5.273441394098683,1.7858190675005217
-5.326763535754607,7.131513210621335
-4.605094250373099,6.554643316646216
-1.355341967729969,5.807295654678847
-6.873153265293767,2.5055660139601232
-6.328953457211161,2.080844323959451
-4.503033662049942,5.434965724979489
-5.5105352153320855,2.2075227784436873
5.885471018457292,-4.665119914857181
-4.928770040142506,6.234985080000323
-6.361293282497567,2.051267376760082
-4.662568515891293,6.451919251408988
4.855685858413894,-3.7897887308911895
-5.829282990231426,1.5329259256008303
-1.4576785762893805,6.266599160343317
6.751948539096981,-4.178077514997695
-1.2306642438889022,5.769092682494503
-4.532188644483035,6.537553034052667
-5.7590870143681965,3.4910758111824833
-5.9453561211659505,2.412409438444437
-0.5723960570195806,6.020581914809247
-6.055147364670127,2.9885459494420568
-5.891672279229342,2.101234768051072
-6.8656380311686975,3.0191365411027498
5.942240201125083,-4.374233700941576
-6.443732217015581,2.369865666611945
-6.176750386735935,2.318815017387195
5.517633392536811,-4.294776249232113
-1.624370519609665,6.215170594337009
5.459872524722406,-4.118722680047642
-1.9546851429125565,5.637295004169924
-2.0073006130123607,5.784606856949421
-4.564913834935773,5.991392178603733
-5.117044297793589,6.213971774645912
5.423016485741185,-4.48445569774682
5.95777011839339,-4.240364732776043
-7.207101235507178,1.9407978122881788
-1.7321163264732433,6.116345725448587
-7.021117379478773,2.63903072036597
4.708128315588336,-3.537650781671837
-6.049832994920205,2.517788735443862
-5.121255776221529,6.835943847737669
-6.41116410280637,6.524678740321192
-6.146075174759298,2.6395975254602395
-1.6263549476157402,6.537922738647267
-6.612970668664843,2.609274386246142
-4.887079645936402,7.264552923634783
-1.0387197379451278,5.809397657949712
-1.6982090400795462,6.545264387063615
-6.420245058797987,2.09311093131221
5.329667142521786,-4.696316036197079
-5.921539529298356,2.8404728541291133
-6.182285443453538,2.298399196154583
5.740858055443863,-4.944224175685855
-7.077389838638196,1.9871134979490663
5.56013653260753,-4.6269383562366775
-1.5359127840550808,6.238539907608038
6.144151223464057,-4.042454089062164
-4.822603604311271,6.315754467346113
-4.119881164234256,6.3515524871901565
-3.9018764868640705,5.978783022355248
-6.746652962613455,1.752088723260718
5.22746605556637,-4.3927781170496045
-4.222930140346889,6.700683731971328
-1.3366662120571802,5.71590501184279
-3.7642839043358096,6.698302244658521
6.094225706903606,-4.6579205973594835
-4.166325433814796,5.202401767978817
-1.580801884015648,5.837030411114869
5.415473588407743,-2.9933302191436875
-7.243538511243958,1.76840916406776
-6.153671005637638,3.113766649561108
5.22461366063644,-4.682014396507437
-4.387463815990483,5.415729064022621
-4.048672999591621,6.6256168415976955
-4.4286926627543615,6.701451724504034
-0.8626125407763053,4.606889456403325
-5.913069920188658,2.1689672806598406
-6.138068722943501,2.299955078833491
-6.7298714894185165,2.4663075242594656
6.045795593485585,-4.858894454584454
-4.802393617970902,5.921747520454341
5.783378360190828,-4.011998512109193
5.914415301223967,-4.229098602606254
-6.243981917088585,2.4194902148169914
-6.79343745394777,2.566903028372862
5.2581005028805325,-4.524692940969403
-1.0819133179162623,5.530690829204474
-0.5122695319293751,5.883982765543766
-4.46443273743656,6.083760223078242
-5.215221163376561,2.5201370515232004
5.659672054133636,-3.946853912076719
-2.5569473620964764,6.765097038737668
-4.492738343061388,6.1781600361807545
5.687061842831307,-5.168716877709925
5.980976502740675,-4.290587703970157
5.262208682476924,-3.887711507855353
-4.3678546659221,6.1438586205395325
6.068409740589929,-4.12852751774671
5.39664120995244,-4.355604713533361
-6.107254515538046,2.2807780179924895
-4.322223368120197,6.0366035007870105
-5.640794400819846,2.0464310160576944
-3.989125954418686,6.644835740616861
-5.855223079153006,2.535422595183175
-5.749106594956459,1.7192703822744841
5.535701778998112,-4.261802381849802
-0.7126944688803001,5.592954867724034
-0.1436879417104462,5.5577574456161924
5.0852405923214645,-4.760446266189894
-4.848554283064055,5.723211670268449
-5.738078562126842,1.9163614910640312
-6.278210554994473,2.6079386799727136
6.3040021755678906,-3.488981164171271
-4.76737913490018,6.641752911786101
-4.370506322853281,5.973235158741262
5.858281827083064,-4.174229474193789
-3.3621456621614136,6.48676579805415
-3.6046583045820126,5.569438681785888
-3.925744523030667,7.072255211428396
-1.3667891866757254,6.260646597279655
-0.3950604670222293,5.883867202249541
-1.19136309194807,5.412528829772276
-0.25315026826276754,5.648030731728379
-4.965240114657969,6.424959575942926
-4.913856471500071,6.2520617642549485
5.828686972721034,-4.264166942392561
-3.8445130594071606,6.37264061397062
-1.721205690473489,5.643606446237501
-2.0428880424738276,5.152133308442364
-6.299532839603848,2.2859543322184375
-1.0976298923672634,6.747093792692235
-3.8492758162692784,5.65966491216653
-1.0944398463405545,5.462340854154434
-0.8750383196068298,5.306219150395375
5.085553226493959,-5.483540107142482
-4.839076844039781,6.390402543910335
-4.2631348780327984,6.913427202663886
5.610513485696075,-3.9940678606660143
-6.6567291593058115,2.407002982244586
5.629776833183967,-5.60836871092947
-4.096047978546655,5.492563338069559
-4.450137765054518,5.633062157187844
-4.246501133764957,6.643047519684029
5.071872210550241,-4.331430157975036
-5.976484147827628,2.853563107679324
-5.132018289056263,1.6974705701311321
-5.901219079970779,2.0702602368285365
-0.6461058586238773,4.409844539444443
-4.268154256317631,6.252902230264762
-4.803472193216591,5.934603515259554
-6.870597633172576,2.3917163208221806
-1.1904589485094696,6.710452237764217
-4.314139897913295,6.242737596589306
-4.7132148753564875,5.994215717875384
-2.166661679838234,5.451588665965099
-4.78823904502756,5.900027587718455
-6.349689277856668,2.213055226127891
-1.7218467306481653,6.442669964027887
-5.906087766944672,2.7977316204790488
-1.6091524107443418,5.584234004082595
5.438839777398005,-4.8173772519395985
5.044189747166735,-4.765270142672689
-2.1074703216267743,5.752122460911749
-4.083242353657443,6.127996904512702
5.417038673122002,-4.756790181940296
-0.8950528219947669,6.147741935791492
-4.647392185550725,6.813965655755949
-5.14322322820412,5.607139444855212
-6.250179446544183,2.8867541678330744
5.394561710537728,-4.331048681676326
5.747325040043306,-5.542919504952812
-4.880724702942894,5.544541398453039
5.839567844139705,-4.92750434810794
-4.57781910138753,5.675102384166317
-3.675854367983334,6.656501929186366
5.61499165213072,-5.001013271822698
5.7159150497551,-4.779900064798681
4.6549047774585635,-5.34123526946931
4.58969008904498,-5.004296332418112
-4.527704752868122,6.509916016362624
6.16183893161122,-5.48356994171753
-6.547542080233608,2.0016195544726694
-3.5661223756725486,6.547477725356864
6.4148455977049474,-3.4336452589775597
-0.9101605245489842,5.781752335847072
5.668774764326367,-4.943197963217575
-4.448478935515236,5.711016018314185
5.4566851073097915,-4.423162276304608
-5.668040811399688,2.9815121964568405
-5.75544406299187,6.109814322009487
-1.0694057741555216,6.0401625944306865
-0.9105652242473535,5.420131464893079
-0.6204939645121321,5.992746051006936
-4.879896805590093,6.373268255678342
-0.5548013361512072,5.7413849536463255
-5.533413453149049,1.7173921163649435
-6.406621437484996,2.4138275625511727
-6.307497856750307,2.6924168708738234
5.564891653165128,-4.632059300480462
-4.081150960669626,6.772583526601691
-1.325765134618468,6.245756778937954
-1.0686034192328038,5.503016293220107
-5.812690606824632,2.5088609018936983
5.771000852529556,-4.670085883211224
0.028400631371147567,5.687715512260828
5.695366312900336,-4.533639617735466
-4.228209322801353,5.951996692523896
-4.427043839361587,6.475678268302053
-6.003357681341029,2.7066476252246607
-1.0325749145648129,5.642147958179587
5.435404861677366,-4.089604089754245
-6.451556112627782,1.681085642385052
-5.9374148298967055,0.6604170904842697
0.08055433920939481,5.639056489097217
5.458271080624808,-3.754513277292109
-5.693371819867593,2.9362442120932917
-6.08446254475901,1.566322446900625
-4.08699277777128,6.876548384906991
-4.810617162200724,5.601006834891016
-4.454873870924902,6.375850901804939
-1.0382277142178054,6.182100624844276
-1.5254916927962465,5.789648952792066
-3.5894306933222193,5.994607042463268
-6.683536271763106,2.1498163151662433
6.793973129655779,-4.213835739903932
5.264357106687629,-4.271980609416045
-4.326934491796421,5.451672992561088
-1.3515181218506902,5.110389583138212
-1.502219767240789,5.170211144313519
-2.156911463775083,5.814859637556215
-3.4867034579490594,7.073113750410134
-5.510876027250836,6.018378512474871
-1.6548015220810017,5.788522779873334
-4.110281984033519,6.685403018127797
-5.625754124160084,2.6615760523138325
5.597683245720424,-4.165795152144878
-5.731873240284991,1.5868177587818728
-6.034193068008752,3.138168517519841
-6.238008409052828,2.451320016471247
-0.8129460655952325,5.604741008234654
-1.561238113819937,5.273636784494
4.907586332955967,-4.178423906912445
-3.6665554895427888,5.927838931866519
-4.795511971451083,5.49752209711436
-1.5660338465904036,6.476558644855388
5.429087355338547,-4.361943145699574
-3.991620907543961,5.790992717073397
6.685037696980746,-4.573425208676054
5.771945115245207,-5.1754848095612935
-0.2537011926107978,5.746115688289321
-6.475251829820035,2.4931929769428027
-6.949685436864771,3.2208742461211486
-5.946684739291653,1.7370000419563025
-5.876811336957225,2.6185757008508403
-1.222164274561329,4.867257244827526
-4.276688260702656,5.107057943079321
5.336474171980396,-4.521959928847057
-1.7100602324477412,5.80262933453048
5.591873099318619,-5.332654710827293
-4.0501398672468065,6.083647991034699
-6.255011507770965,2.575662036566571
4.55102302401823,-4.5363028456689705
5.458930761215047,-3.9994591097792647
-4.373242050062893,5.6354995356726265
-6.511675156805446,2.7421564637876337
-1.4123176051894948,5.6344174941891305
-7.040679807719637,2.3949580169259153
6.862280768632168,-4.259111583224764
-1.5128738517178428,5.696372750952059
5.194316750494432,-4.903354945764955
5.27425993281034,-4.099490880886134
-5.404910655180188,2.544902847759627
-5.050948056600614,6.155882398421865
-6.205915149403491,2.1668739590149277
-2.1520837860603748,5.608216294417468
-4.173996799759079,6.3610508266155685
-1.520943239510861,5.40515301114928
-5.992726345423834,2.304378603912796
-2.033034901168089,5.627179846187909
6.375692261466163,-4.150069998955966
-4.688219343364698,5.751296771062588
5.092615268678,-3.86132106516252
-1.1594630924999845,5.287097164628712
5.5065329769693445,-4.666063214442481
-6.013104427931724,2.8754357768807868
-5.0642354747938265,6.845984337059844
-1.8883504366504282,5.38806664549873
-0.5102082502094916,5.69639273246387
5.436912941331655,-4.390468432605335
-6.779423840009039,2.080200962418885
-5.9195761999080405,3.417727039066668
-5.579905203584039,5.553690675578657
6.099312119873731,-4.158788511102552
5.036212086437382,-4.635661409930162
-4.853872325477579,7.055295080806643
-1.0798461258519692,5.669487725222225
-4.065188366214043,7.1043315888323155
6.245575274227392,-3.3390776047552087
6.296397750536965,-4.517539634163292
-4.5442389537499155,5.8454545872745305
-6.252275730680793,2.5017324120958078
5.6873855718303785,-4.936441072159499
-0.6843112868287519,6.713092683848474
-5.9629083542099055,2.800963887090779
-1.6028179069360067,6.109344695094879
-5.917815112866553,2.584823263187566
-6.346865346456841,2.3897948592630853
-4.735116071298891,6.377481601935339
-4.406492504182939,5.9060492727487865
5.2917358541816695,-4.355505126145816
6.888466223584652,-5.079922626944928
-5.34577626745002,6.313114628103418
5.494014488469891,-4.727066410794004
-2.085340962315179,6.1133831746166365
-4.117774731711322,4.731048098637725
-0.38945171336471474,5.394876934624528
-1.3297947759664681,6.106109922485966
-5.761314029148233,2.4012018948833047
-0.23157546294895104,5.024513013688552
-6.083809801429156,2.93358433541819
-1.6970247383561508,5.158532643065869
5.100696356919847,-4.9949271674538425
-4.6659214719226,6.24952627310271
-0.7259674820057646,6.197807598289679
-6.368531106522149,2.6108942476036234
6.059446825672082,-4.01503405872637
-6.4092729942099025,2.292667274313597
-3.7688708686763563,5.2977312097275195
-4.993720133620095,6.2342799337508525
-4.688884949805106,5.344832314943304
5.866639539501475,-4.951652459143614
-1.0158763682445575,6.035290777427735
4.891137439018559,-4.116383890611142
-5.439647251629507,2.9498781497028976
-4.654802206717924,6.047502804819147
-5.509031896357461,1.6687226441820173
-0.826420927881069,5.253230867894812
-4.724501039492454,5.860204935966248
5.2537019287525215,-4.82271127310845
-4.603946662020591,7.1141641272925344
-6.0911118041988095,2.1564477452567425
5.230665636096185,-4.222695664580569
-5.430743071585948,5.944676514465205
-4.483361648314266,5.9483104516347876
4.839485062450597,-4.275742449956292
-6.417527495028735,2.2355358845872018
5.915151157312485,-4.591719358163907
-4.919431088566388,6.222679947390062
-3.7426452759525146,6.240059283891077
5.889669518509958,-5.10166900156175
-1.303453862584607,5.361742567096489
-5.617435207491997,2.226400663038615
5.318333453516827,-5.439945294005015
-2.3052437110174178,4.608710804281138
-4.498190861211967,5.658023988819569
-1.29898188702398,5.586118331743025
-6.078774619760313,2.579421706169839
-5.972664860965816,1.9671626533984956
5.563532874031037,-3.8486222323694377
-0.7796723434710879,5.870937839866581
-0.8384417518326844,5.6823005213412845
-6.02532033125055,2.1708856623432475
-4.252378374943959,5.828120284844529
-6.063669299033303,2.794535732955192
-4.90432751777536,6.199101552267817
-1.100730191506223,5.5564255523021115
5.41623594629321,-4.514192601252251
-5.557323814859067,1.8016212832246161
-4.653092118356349,6.11501589007236
-6.341993999549476,2.7063194934453345
4.913885805398307,-4.421668646405502
-4.201482728018051,6.273426232735613
-4.9598780546661985,6.476109583125673
-5.00077924452505,6.238042586853837
-4.396419875780431,6.419963735152103
-3.893356428068782,6.374584581116351
-2.150660053755305,5.255517643135331
5.354394140476454,-4.110032562770098
-7.03728542965735,3.0473672732488946
4.848723287005971,-4.732610449106213
-1.68535174421429,5.763081913176169
-4.881314922005515,4.976497708408424
-1.309419690917527,5.522516364320654
-1.2455556690085106,6.232228521164996
-4.630623230721722,5.408838983252613
-6.288778675155817,3.4082645055873106
-1.2830758634763237,5.558642633396697
-0.6998152902468349,5.46266064513853
-5.404454909241484,6.066863021768751
-4.622647348555925,5.417242309431337
-6.267347198770533,2.2104657211879055
-5.886741839390856,3.215004823109416
5.625255092723835,-4.993442722960773
-6.080917632729855,2.9339317854682196
-1.0012648134298494,6.00059097533288
5.355608876107406,-4.437585960712742
-4.296425192028307,6.353733046635114
-6.421632351463136,2.047955328537698
5.484956859325575,-4.466187691662135
-1.3331415904031056,5.490458545854306
5.704171204301311,-4.307993784125922
-1.7882069516416816,5.888776554776869
-1.2783505971758546,4.785239069925617
6.536808975262836,-3.7516747509250674
-6.946282162137685,2.2825265198865567
-3.8662022842907167,6.144405067410568
-6.526122970737026,1.3291166103078438
5.2916135734275285,-5.003449493131096
5.506886873853063,-5.496858268293473
-4.320637270219446,6.294074317744533
-6.638687299468706,1.822639639499241
-4.82887187442665,6.224374280510937
-5.273038953832243,6.096800978868335
5.281938679296176,-4.888657972958999
-0.4690416159244426,5.132522289938227
-6.599445142413024,2.555168164163515
6.204084066619726,-4.278255156087027
-1.0772007093066147,6.2357243914965235
-0.8912081593304669,5.642915475564832
-5.795018691960055,2.104414681578293
-1.0106705064273172,5.953288229198665
-7.368362980491562,3.212690412435607
-1.4236498234768369,4.775887347558287
5.146147373606951,-4.331984569033723
-6.543874969091684,2.3881129575565057
-1.096921005278983,6.143104283026198
6.8388565199305855,-4.974020599059947
-4.881455884626526,5.703446731562106
-5.214231278783562,2.8361577623654446
-5.707389558750471,2.41155227086348
-5.692948928365938,1.431548010699152
-5.853621269517589,2.4619317641433205
5.643432611960255,-4.923311494258065
-4.861569121512021,5.8530750803148415
-0.873601659961434,6.01552798411066
-4.2738984387961025,5.583117441369352
4.50336937413324,-4.60394851319675
-5.87907433211185,3.82409746072142
-6.109025089756384,2.5916673885676604
6.188768693238768,-4.728296865624577
-2.0418057875906466,4.486336304153968
-5.817496879691067,2.703929404743542
-6.68334541600896,2.288856178861832
-6.3366496753262025,2.4432346031383805
-0.5959039329695714,5.983763887261536
-6.282927139260572,1.9802600607081757
-5.490712363368624,2.0397585587132854
-1.345531145168049,5.466516554596748
5.906629468249054,-4.667431274580392
5.898201621505547,-5.353848728294508
-4.492055547611111,6.221435398731547
-0.8676007984333658,5.7123124028530485
-4.367362874564079,5.689196739683713
-4.947908466788353,6.063361849593249
-3.9558620356429164,7.082070309612682
-4.526739368652001,5.889024415745458
